INSERT INTO employee VALUES
('E0001','Alex','Barista','1995-04-12','MAN'),
('E0002','Jamie','Roast','1997-08-21','TRE'),
('E0003','Taylor','Grind','2000-01-15','TRR'),
('E0004','Morgan','Bean','1993-11-02','MAN'),
('E0005','Casey','Latte','1998-06-09','TRE'),
('E0006','Riley','Steam','2001-03-30','TRR'),
('E0007','Jordan','Brew','1996-07-19','TRE'),
('E0008','Avery','Drip','1992-09-25','MAN'),
('E0009','Parker','Press','1999-12-05','TRR'),
('E0010','Dylan','Shot','1997-02-14','TRE');

INSERT INTO customer VALUES
('C0001','Sam','Miller','2001-01-12'),
('C0002','Chris','Nguyen','1999-03-18'),
('C0003','Emma','Johnson','2000-05-24'),
('C0004','Noah','Kim','1998-08-10'),
('C0005','Olivia','Garcia','2002-04-01'),
('C0006','Liam','Patel','1997-11-11'),
('C0007','Sophia','Brown','1996-07-22'),
('C0008','Ethan','Davis','1999-09-30'),
('C0009','Mia','Wilson','2001-06-17'),
('C0010','Lucas','Martinez','1998-12-03');

INSERT INTO item VALUES
('I0001','Espresso','Single shot espresso',3.00),
('I0002','Latte','Milk and espresso',4.50),
('I0003','Cappuccino','Foamed milk espresso',4.25),
('I0004','Americano','Espresso with hot water',3.50),
('I0005','Mocha','Chocolate espresso drink',4.75),
('I0006','Cold Brew','Slow-steeped coffee',4.00),
('I0007','Iced Latte','Cold milk espresso',4.50),
('I0008','Tea','Hot brewed tea',2.75),
('I0009','Croissant','Butter croissant',3.25),
('I0010','Muffin','Blueberry muffin',3.50);

INSERT INTO manager VALUES
('E0001','M001','5551001','alex@goodcoffee.com'),
('E0004','M002','5551002','morgan@goodcoffee.com'),
('E0008','M003','5551003','avery@goodcoffee.com');

INSERT INTO trainer VALUES
('E0002','T001','SCA','2026-05-01'),
('E0005','T002','BaristaGuild','2025-12-31'),
('E0007','T003','SCA','2026-08-20'),
('E0010','T004','BaristaGuild','2027-03-10');

INSERT INTO trainee VALUES
('E0003','T001','2025-01-01','2025-03-31'),
('E0006','T002','2025-02-01','2025-04-30'),
('E0009','T003','2025-03-01','2025-05-31');

INSERT INTO item_order VALUES
('O0001','C0001','I0001',1,3.00),
('O0001','C0001','I0009',1,3.25),
('O0002','C0002','I0002',1,4.50),
('O0003','C0003','I0003',1,4.25),
('O0004','C0004','I0004',2,7.00),
('O0005','C0005','I0005',1,4.75),
('O0006','C0006','I0006',1,4.00),
('O0007','C0007','I0007',2,9.00),
('O0008','C0008','I0008',1,2.75),
('O0009','C0009','I0010',1,3.50);

INSERT INTO receipt VALUES
('R0001','O0001',1.00,7.25),
('R0002','O0002',0.75,5.25),
('R0003','O0003',1.00,5.25),
('R0004','O0004',1.50,8.50),
('R0005','O0005',1.00,5.75),
('R0006','O0006',0.75,4.75),
('R0007','O0007',1.50,10.50),
('R0008','O0008',0.50,3.25),
('R0009','O0009',0.75,4.25),
('R0010','O0002',1.00,5.50);

INSERT INTO transaction_tbl VALUES
('T0001','2025-02-01','R0001','1234','E0001'),
('T0002','2025-02-01','R0002','2345','E0002'),
('T0003','2025-02-02','R0003','3456','E0004'),
('T0004','2025-02-02','R0004','4567','E0005'),
('T0005','2025-02-03','R0005','5678','E0007'),
('T0006','2025-02-03','R0006','6789','E0008'),
('T0007','2025-02-04','R0007','7890','E0010'),
('T0008','2025-02-04','R0008','8901','E0001'),
('T0009','2025-02-05','R0009','9012','E0002'),
('T0010','2025-02-05','R0010','0123','E0004');

INSERT INTO schedule VALUES
('E0001','2025-02-01',7.00,15.00),
('E0002','2025-02-01',8.00,16.00),
('E0003','2025-02-01',9.00,17.00),
('E0004','2025-02-02',7.00,15.00),
('E0005','2025-02-02',8.00,16.00),
('E0006','2025-02-02',9.00,17.00),
('E0007','2025-02-03',7.00,15.00),
('E0008','2025-02-03',8.00,16.00),
('E0009','2025-02-03',9.00,17.00),
('E0010','2025-02-04',10.00,18.00);
